saurabh|1001|SG  253|1/10/2016|SQ 517|1/10/2016|1
rahul|1002|SG  131|1/11/2016|MI 473|1/11/2016|1
fghj|1003|SG  253|1/10/2016|SQ 517|1/10/2016|1
rsgs|1004|SG  253|1/10/2016|SQ 517|1/10/2016|1
rahul|1005|SG  125|1/10/2016|MI 471|2/10/2016|1
dffdsd|1006|SG  125|1/10/2016|MI 471|2/10/2016|1
risgav|1007|SG  125|1/10/2016|MI 471|2/10/2016|1
dghjj|1008|SG  519|1/10/2016|MI 423|1/10/2016|10
rarags|1009|SG  125|1/10/2016|MI 471|2/10/2016|1
sandeep kumar|1010|SG  415|7/11/2016|SQ 503|7/11/2016|5
sandeep|1011|SG  517|1/11/2016|MI 487|1/11/2016|7
sandeep raj|1012|SG  517|3/11/2016|MI 487|3/11/2016|4
